UserName,FirstName,LastName
First Random User 256,User 256,Ivan Performance Test
First Random User 257,User 257,Ivan Performance Test
First Random User 258,User 258,Ivan Performance Test
First Random User 259,User 259,Ivan Performance Test
First Random User 260,User 260,Ivan Performance Test
First Random User 261,User 261,Ivan Performance Test
First Random User 262,User 262,Ivan Performance Test
First Random User 263,User 263,Ivan Performance Test
First Random User 264,User 264,Ivan Performance Test
First Random User 265,User 265,Ivan Performance Test
